{"cameraMode":{"drawMode":0,"name":"Shaded","section":"Shading Mode"},"sceneLighting":false,"audioPlay":false,"sceneViewState":{"m_AlwaysRefresh":false,"showFog":true,"showSkybox":false,"showFlares":true,"showImageEffects":true,"showParticleSystems":true,"showVisualEffectGraphs":true,"m_FxEnabled":true},"in2DMode":false,"pivot":{"x":-0.03999994695186615,"y":8.75469970703125,"z":-3.8299999237060549},"rotation":{"x":0.004499736707657576,"y":-0.010499700903892517,"z":0.000047248970076907426,"w":0.999934732913971},"size":1.1141860485076905,"orthographic":false}